name,value
list_freq_daily_line_chart,"[[{'x': '2025-03-13', 'y': 0}, {'x': '2025-03-14', 'y': 0}, {'x': '2025-03-15', 'y': 0}, {'x': '2025-03-16', 'y': 0}, {'x': '2025-03-17', 'y': 0}, {'x': '2025-03-18', 'y': 0}, {'x': '2025-03-19', 'y': 0}, {'x': '2025-03-20', 'y': 4}, {'x': '2025-03-21', 'y': 0}, {'x': '2025-03-22', 'y': 0}, {'x': '2025-03-23', 'y': 0}, {'x': '2025-03-24', 'y': 2}, {'x': '2025-03-25', 'y': 0}, {'x': '2025-03-26', 'y': 1}, {'x': '2025-03-27', 'y': 5}, {'x': '2025-03-28', 'y': 0}, {'x': '2025-03-29', 'y': 0}, {'x': '2025-03-30', 'y': 0}, {'x': '2025-03-31', 'y': 0}, {'x': '2025-04-01', 'y': 0}, {'x': '2025-04-02', 'y': 0}, {'x': '2025-04-03', 'y': 0}, {'x': '2025-04-04', 'y': 0}, {'x': '2025-04-05', 'y': 8}, {'x': '2025-04-06', 'y': 2}, {'x': '2025-04-07', 'y': 7}, {'x': '2025-04-08', 'y': 7}, {'x': '2025-04-09', 'y': 4}, {'x': '2025-04-10', 'y': 4}, {'x': '2025-04-11', 'y': 7}], [{'x': '2025-03-13', 'y': 0}, {'x': '2025-03-14', 'y': 0}, {'x': '2025-03-15', 'y': 0}, {'x': '2025-03-16', 'y': 0}, {'x': '2025-03-17', 'y': 0}, {'x': '2025-03-18', 'y': 0}, {'x': '2025-03-19', 'y': 0}, {'x': '2025-03-20', 'y': 1}, {'x': '2025-03-21', 'y': 0}, {'x': '2025-03-22', 'y': 0}, {'x': '2025-03-23', 'y': 0}, {'x': '2025-03-24', 'y': 1}, {'x': '2025-03-25', 'y': 2}, {'x': '2025-03-26', 'y': 4}, {'x': '2025-03-27', 'y': 3}, {'x': '2025-03-28', 'y': 0}, {'x': '2025-03-29', 'y': 0}, {'x': '2025-03-30', 'y': 0}, {'x': '2025-03-31', 'y': 0}, {'x': '2025-04-01', 'y': 0}, {'x': '2025-04-02', 'y': 0}, {'x': '2025-04-03', 'y': 0}, {'x': '2025-04-04', 'y': 0}, {'x': '2025-04-05', 'y': 1}, {'x': '2025-04-06', 'y': 0}, {'x': '2025-04-07', 'y': 2}, {'x': '2025-04-08', 'y': 1}, {'x': '2025-04-09', 'y': 0}, {'x': '2025-04-10', 'y': 3}, {'x': '2025-04-11', 'y': 2}], [{'x': '2025-03-13', 'y': 0}, {'x': '2025-03-14', 'y': 0}, {'x': '2025-03-15', 'y': 0}, {'x': '2025-03-16', 'y': 0}, {'x': '2025-03-17', 'y': 0}, {'x': '2025-03-18', 'y': 0}, {'x': '2025-03-19', 'y': 0}, {'x': '2025-03-20', 'y': 1}, {'x': '2025-03-21', 'y': 0}, {'x': '2025-03-22', 'y': 0}, {'x': '2025-03-23', 'y': 0}, {'x': '2025-03-24', 'y': 1}, {'x': '2025-03-25', 'y': 0}, {'x': '2025-03-26', 'y': 0}, {'x': '2025-03-27', 'y': 1}, {'x': '2025-03-28', 'y': 0}, {'x': '2025-03-29', 'y': 0}, {'x': '2025-03-30', 'y': 0}, {'x': '2025-03-31', 'y': 0}, {'x': '2025-04-01', 'y': 0}, {'x': '2025-04-02', 'y': 0}, {'x': '2025-04-03', 'y': 0}, {'x': '2025-04-04', 'y': 0}, {'x': '2025-04-05', 'y': 0}, {'x': '2025-04-06', 'y': 0}, {'x': '2025-04-07', 'y': 0}, {'x': '2025-04-08', 'y': 0}, {'x': '2025-04-09', 'y': 1}, {'x': '2025-04-10', 'y': 1}, {'x': '2025-04-11', 'y': 0}]]"
list_pkNames,"['川普', '賴清德', '柯文哲']"
list_colors,"['rgba(0,128,0,0.2)', 'rgba(0,255,255,0.2)', 'rgba(0,0,255,0.2)']"
list_photos,"['', 'https://upload.wikimedia.org/wikipedia/commons/thumb/9/9c/%E8%B3%B4%E6%B8%85%E5%BE%B7%E7%B8%BD%E7%B5%B1_1.jpg/500px-%E8%B3%B4%E6%B8%85%E5%BE%B7%E7%B8%BD%E7%B5%B1_1.jpg', 'https://upload.wikimedia.org/wikipedia/commons/thumb/d/d4/%E6%9F%AF%E6%96%87%E5%93%B2%E4%B8%BB%E5%B8%AD.jpg/500px-%E6%9F%AF%E6%96%87%E5%93%B2%E4%B8%BB%E5%B8%AD.jpg']"
list_freq_news_category,"[[14, 0, 1, 36, 0, 51], [18, 0, 1, 1, 0, 20], [3, 2, 0, 0, 0, 5]]"
list_category,"['政治', '社會', '生活', '國際', '蒐集', '全部']"
list_sentiInfo,"[[92, 6, 2], [80, 15, 5], [40, 20, 40]]"
list_total_articles,"[51, 20, 5]"
list_total_frequency,"[249, 42, 32]"
